{"earthquake": {"minimum": -5.553142870956083, "low": -3.266348397163859, "medium": -0.9795539233716353, "high": 1.3072405504205884}, "liquefaction": {"zero": 0.0, "low": 7.377941176470587, "medium": 14.755882352941175, "high": 22.133823529411764}, "tsunami": {"zero": 0, "low": 2.453279318446375, "medium": 4.90655863689275, "high": 7.359837955339124}}